Descend below _______ feet cabin aft. with an OBOGS Failure	10,000
If below 1500 AGL and below 180 knots	Eject
Electrical fire immediate action	GEN switch off
(2 questions) If put you get a SLATS caution light	Maintain a/s less than 200 KIAS
Smoke and fumes in cockpit	Altitude descend below 25K, AIR FLOW knob off
With directional control in question, short fleld arrestment:	Hook down, land 50 ft prior
Uncommanded roll or yaw when transitioning flaps/stats	Return flaps to previous position
OXYGEN warning light, system won't reset	OBOGS/ANTI-G switch off
Blown tire after touchdown	Rudder (counter swerve) and go around if able
GINA failure	All the above
Abnormal MFD	Blinking screen, invalid display, blank screen, stuck push button
With barometric altitude failure	Use radar alt if below 5K AGL, use cabin altimeter if unpressurized, and check PITOT Heat is on
Engine failure catapult	Eject
Immediate Airstart	Pull Emerg. Oxygen actuator, throttle off, GTS button, idle
C AUG light on you will lose:	ARI, SBI, yaw dampner, and rudder trim
GTS fire	Emergency engine shutdown
Cabin pressurization failure	Descend below 25K MSL
Compressor stall	IDLE, Neutralize, monitor
Blown tire on T/O roll and abort	Rudder (counter swerve), Anti-skid off
Blown tire, no arresting gear	flared, half flap
CANOPY light in flight	Airspeed below 200 knots
Multiple MFDs f°d up	Momentarily set Display Power switch to RESET
Total Electrical failure can't restore power	No flap approach and make an arrested landing
Windmill airstart parameters	Below 25K, 13%, N2 min 250 kts
Abort takeoff	Idle, extend, brakes as req, hook 1000 ft prior
Electrical failure	No load shedding (eliminates 3 out 4 answers)
Pitot static failure question	Standby VSI
Settling off catapult	Throttle check full forward, 24 AOA
Launch bar warning light after cat launch	Divert to shore, min. descent rate landing with arresting wires removed
Gen failure	Confirm engine operation, reset Gen switch
Wheel brake failure go around not possible	Brakes release, anti skid- off, attempt braking, hook down 1000 feet prior
AC INV light	Reset number 1 and 2 inverters
Hook light still illum after hook should be down	Hook is not fully extended
Anti-skid failure	Release brakes, anti-skid off, brakes as required
28 VDC gen bus failure will not remove	Primary stabilator trim
Fire light in flight	Idle, instruments check, secondary-eject
